aX,aY,aZ,gX,gY,gZ
0.039,0.007,0.852,19.165,-23.254,-6.592
0.022,-0.018,0.869,21.851,-25.024,-8.606
0.002,-0.050,0.880,19.714,-26.428,-9.644
-0.008,-0.057,0.885,10.986,-26.794,-8.850
-0.013,-0.045,0.894,5.249,-27.893,-6.653
-0.019,-0.036,0.905,5.493,-30.029,-4.822
-0.024,-0.034,0.930,7.812,-32.471,-3.784
-0.026,-0.030,0.964,8.667,-34.485,-3.296
-0.027,-0.019,0.993,9.949,-35.400,-3.113
-0.028,-0.005,1.023,13.245,-34.729,-3.174
-0.031,0.011,1.050,13.794,-32.837,-2.930
-0.035,0.024,1.055,10.925,-29.602,-3.662
-0.041,0.032,1.056,6.104,-26.184,-4.822
-0.047,0.024,1.051,0.183,-23.437,-6.348
-0.054,0.018,1.048,-3.723,-21.362,-7.629
-0.056,0.005,1.038,-4.822,-19.226,-7.996
-0.055,0.009,1.032,-3.540,-17.822,-7.446
-0.059,0.016,1.019,-2.563,-16.846,-7.080
-0.075,0.022,1.004,-2.747,-15.869,-7.385
-0.084,0.047,0.998,-2.747,-15.686,-7.751
-0.073,0.061,1.015,0.183,-17.517,-7.751
-0.069,0.050,1.048,5.005,-19.897,-8.240
-0.071,0.012,1.092,10.010,-21.545,-8.545
-0.062,0.004,1.135,10.803,-20.447,-8.362
-0.051,0.016,1.151,3.418,-17.212,-8.911
-0.055,0.034,1.156,-3.296,-13.550,-10.620
-0.071,0.055,1.151,-4.517,-10.681,-12.695
-0.094,0.075,1.150,-1.587,-8.667,-15.686
-0.113,0.077,1.199,6.226,-9.399,-19.348
-0.138,0.029,1.290,13.000,-10.254,-23.499
-0.142,0.038,1.403,11.108,-9.644,-28.687
-0.071,0.175,1.595,11.230,-9.644,-34.363
-0.043,0.234,1.833,31.433,-10.132,-42.542
-0.078,0.279,2.051,51.025,-2.625,-54.321
-0.199,0.206,2.165,62.744,14.160,-70.740
-0.447,0.034,2.157,58.350,39.978,-88.928
-0.651,-0.317,2.084,47.180,62.744,-97.717
-0.780,-0.646,2.098,37.659,66.589,-87.708
-0.811,-0.880,2.200,28.809,49.438,-59.875
-0.718,-0.900,2.458,30.151,23.010,-23.499
-0.561,-0.688,2.679,50.415,4.883,9.583
-0.404,-0.343,2.823,97.473,5.249,41.260
-0.271,-0.059,2.844,148.804,25.696,63.843
-0.112,0.240,2.691,184.937,66.345,77.271
-0.002,0.510,2.464,202.332,114.441,83.618
0.058,0.697,2.167,184.143,162.537,78.125
0.064,0.801,1.672,134.460,212.097,59.692
0.016,0.736,0.931,91.675,254.700,35.583
-0.038,0.532,0.066,85.205,278.259,16.357
-0.091,0.274,-0.995,92.285,280.701,4.089
-0.063,0.046,-2.066,99.854,249.023,-2.686
0.100,-0.005,-2.778,96.497,171.509,-3.906
0.227,-0.002,-2.714,110.657,52.490,0.366
0.303,-0.022,-2.114,151.794,-73.669,6.104
0.381,0.063,-1.488,160.400,-155.518,2.747
0.430,0.158,-1.004,115.479,-183.105,-10.925
0.383,0.130,-0.683,41.443,-176.025,-24.414
0.251,0.032,-0.497,-38.391,-151.672,-30.334
0.155,-0.027,-0.377,-107.727,-121.704,-31.677
0.052,-0.109,-0.288,-147.522,-98.450,-30.762
-0.077,-0.199,-0.249,-159.790,-86.731,-28.320
-0.234,-0.265,-0.156,-162.415,-87.097,-26.428
-0.351,-0.300,0.062,-158.997,-95.215,-23.560
-0.399,-0.284,0.319,-145.325,-102.600,-15.808
-0.419,-0.218,0.588,-113.281,-108.337,-3.418
-0.418,-0.149,0.850,-72.815,-111.023,7.080
-0.389,-0.085,1.084,-41.748,-106.689,12.817
-0.326,-0.023,1.290,-28.564,-94.971,15.137
-0.242,0.011,1.417,-33.264,-76.721,15.259
-0.158,0.030,1.448,-49.561,-53.955,13.428
-0.065,0.029,1.400,-65.125,-30.396,10.986
0.023,0.075,1.348,-73.059,-10.864,8.545
0.060,0.060,1.285,-74.280,1.038,3.418
0.064,-0.001,1.233,-73.914,8.423,-2.686
0.142,-0.048,1.186,-76.416,13.428,-6.836
0.070,-0.137,1.152,-77.759,15.015,-10.010
-0.024,-0.116,1.071,-73.425,15.137,-9.155
0.001,-0.087,0.990,-63.049,14.221,-5.188
0.004,-0.042,0.976,-43.579,8.850,-0.854
-0.004,-0.047,1.015,-16.541,-4.700,3.723
0.015,-0.064,1.067,7.080,-15.747,3.113
-0.008,-0.091,1.124,19.470,-20.752,0.854
-0.014,-0.114,1.143,16.785,-20.996,-0.610
-0.009,-0.106,1.166,6.531,-20.630,-0.183
-0.003,-0.094,1.161,1.221,-20.447,2.258
-0.019,-0.132,1.161,1.404,-19.409,5.493
-0.020,-0.145,1.125,-1.221,-16.296,8.911
-0.023,-0.119,1.063,-7.629,-13.672,11.536
-0.015,-0.078,1.021,-12.573,-15.137,12.268
-0.006,-0.029,1.014,-12.634,-19.409,11.536
0.014,0.031,1.032,-7.507,-24.170,10.681
0.014,0.066,1.067,-0.305,-27.527,9.277
0.007,0.077,1.091,3.540,-26.855,6.226
-0.001,0.061,1.116,-2.136,-23.499,1.770
-0.018,0.028,1.126,-15.747,-17.639,-3.235
-0.036,-0.011,1.109,-28.320,-11.536,-7.080
-0.059,-0.030,1.080,-33.447,-6.958,-9.338
-0.075,-0.037,1.057,-30.212,-4.822,-9.949
-0.080,-0.046,1.058,-18.799,-5.493,-8.545
-0.089,-0.078,1.081,-5.188,-8.362,-6.775
-0.096,-0.111,1.109,0.854,-9.827,-5.249
-0.091,-0.113,1.103,-4.211,-7.996,-3.662
-0.090,-0.081,1.084,-11.841,-5.310,-1.282
-0.056,-0.088,1.056,-12.085,-3.418,0.732
-0.070,-0.043,1.049,-7.324,-1.343,4.700
-0.070,-0.031,1.016,-5.493,-0.671,5.005
-0.069,-0.023,1.005,-6.470,-0.916,2.441
-0.071,-0.024,1.012,-3.540,-2.441,1.099
-0.062,-0.022,1.020,0.916,-3.357,-0.183
-0.049,-0.018,1.036,5.554,-3.906,-0.916
-0.039,-0.007,1.048,8.728,-3.479,-1.831
-0.027,-0.006,1.057,7.751,-0.854,-3.601
-0.031,-0.026,1.044,-0.427,4.700,-5.554
-0.040,-0.021,1.009,-14.404,11.780,-7.385
-0.049,-0.028,0.972,-22.400,16.357,-9.399
-0.067,-0.052,0.953,-21.851,16.357,-10.742
-0.087,-0.063,0.948,-18.921,14.038,-10.803
-0.099,-0.074,0.968,-11.719,9.460,-9.644
-0.107,-0.093,0.995,-2.441,5.615,-8.057

0.003,-0.001,0.973,-0.732,-1.099,-1.953
-0.008,0.023,0.919,-4.883,-0.244,-1.892
-0.011,0.031,0.902,-6.836,-1.221,-2.136
-0.012,0.024,0.904,-3.479,-4.089,-2.319
-0.005,0.023,0.925,2.563,-6.958,-1.892
-0.003,0.022,0.946,6.592,-8.911,-1.648
-0.003,0.019,0.968,5.005,-9.583,-1.648
0.001,0.010,0.983,1.160,-9.277,-1.831
0.000,0.008,0.985,-2.502,-8.057,-1.526
-0.000,0.011,0.971,-4.272,-6.714,-0.916
-0.004,0.014,0.964,-4.578,-6.042,-0.671
-0.006,0.013,0.958,-4.883,-5.859,-0.671
-0.009,0.009,0.955,-5.127,-5.920,-0.610
-0.010,0.007,0.966,-2.991,-6.287,-0.488
-0.011,0.002,0.970,-1.099,-6.287,-0.366
-0.010,0.009,0.962,-3.174,-5.798,-0.183
-0.014,0.014,0.944,-6.226,-5.249,-0.122
-0.034,0.024,0.923,-10.681,-5.005,-0.488
-0.062,0.046,0.894,-19.836,-5.310,-1.221
-0.104,0.049,0.887,-25.696,-7.202,-2.197
-0.151,0.050,0.897,-26.917,-10.864,-2.991
-0.162,0.034,0.942,-24.536,-16.235,-3.357
-0.162,-0.023,1.029,-17.883,-23.376,-3.357
-0.137,-0.084,1.130,-11.597,-27.832,-2.502
-0.087,-0.114,1.212,-12.085,-28.748,-0.366
-0.030,-0.139,1.275,-15.625,-27.283,1.465
-0.001,-0.156,1.318,-15.930,-24.719,2.502
0.011,-0.151,1.330,-15.198,-21.484,3.723
-0.000,-0.135,1.302,-13.367,-19.043,5.310
-0.036,-0.104,1.247,-11.292,-18.311,7.080
-0.089,-0.041,1.211,-12.939,-20.874,8.240
-0.152,0.016,1.223,-14.343,-28.564,7.568
-0.226,0.061,1.334,-8.240,-42.480,4.639
-0.270,0.111,1.534,2.258,-60.486,1.343
-0.382,0.113,1.854,21.545,-80.322,-3.113
-0.359,-0.013,2.213,52.673,-90.332,-4.456
-0.437,-0.059,2.583,88.562,-84.900,-1.465
-0.520,-0.245,2.836,93.628,-77.576,-7.690
-0.627,-0.293,3.035,72.327,-50.537,-5.066
-0.616,-0.344,3.125,39.368,-15.808,2.869
-0.618,-0.286,3.177,15.686,4.089,14.160
-0.573,-0.228,3.187,18.494,12.939,27.832
-0.509,-0.025,3.131,51.636,21.790,45.532
-0.421,0.262,2.988,97.229,39.978,67.932
-0.282,0.592,2.709,132.385,69.519,86.304
-0.191,0.925,2.375,155.151,100.098,91.858
-0.115,1.188,1.956,158.630,129.150,82.825
-0.123,1.264,1.379,136.536,162.048,61.523
-0.022,1.189,0.540,82.397,195.557,33.630
0.132,1.229,-0.473,7.202,216.064,0.610
0.278,1.131,-1.657,-60.303,204.956,-40.405
0.398,0.584,-2.520,-95.459,156.067,-81.909
0.531,-0.142,-3.002,-109.802,86.853,-100.525
0.718,-0.520,-3.060,-102.417,14.648,-86.487
0.838,-0.622,-2.841,-71.777,-40.710,-58.838
0.804,-0.646,-2.517,-46.875,-63.904,-43.396
0.679,-0.648,-2.175,-53.406,-58.228,-44.800
0.566,-0.668,-1.970,-74.463,-41.199,-49.500
0.359,-0.626,-1.736,-84.534,-33.203,-51.025
0.141,-0.544,-1.441,-68.909,-33.203,-53.162
-0.075,-0.470,-1.057,-42.358,-43.213,-56.213
-0.312,-0.398,-0.666,-24.109,-53.223,-53.162
-0.503,-0.280,-0.272,-20.569,-54.199,-44.067
-0.605,-0.169,0.133,-30.701,-52.368,-34.058
-0.625,-0.036,0.562,-41.016,-53.894,-23.560
-0.604,0.100,0.988,-35.156,-53.284,-13.062
-0.537,0.148,1.371,-28.015,-46.143,-10.986
-0.508,0.098,1.698,-8.911,-41.382,-12.756
-0.433,0.026,1.947,4.150,-30.640,-8.789
-0.334,-0.025,2.044,-4.578,-10.742,1.038
-0.213,-0.009,2.036,-29.114,10.254,10.986
-0.117,0.059,1.958,-51.941,24.902,17.029
-0.083,0.165,1.797,-64.697,32.043,17.456
-0.068,0.277,1.609,-60.791,33.630,15.930
-0.048,0.353,1.442,-45.105,31.128,17.090
0.007,0.421,1.364,-28.015,25.146,18.799
0.099,0.430,1.364,-17.517,17.822,18.005
0.048,0.387,1.311,-16.541,10.681,12.207
0.079,0.386,1.316,-21.423,8.179,7.629
0.146,0.243,1.379,-20.386,5.676,10.437
0.330,0.135,1.318,-23.071,5.310,15.137
0.134,0.068,1.358,-44.617,6.409,14.587
0.123,0.123,1.188,-61.584,14.954,15.625
0.147,0.272,1.006,-35.889,13.977,31.799
0.186,0.307,0.916,-17.151,8.301,34.729
0.154,0.303,0.909,-25.330,-13.123,26.184
0.122,0.306,0.925,-32.959,-29.968,19.531
0.130,0.297,0.980,-23.193,-37.903,17.578
0.143,0.349,1.028,-0.854,-39.978,18.127
0.132,0.402,1.066,19.775,-40.466,18.066
0.121,0.422,1.116,27.466,-37.292,14.404
0.072,0.404,1.144,23.621,-30.762,5.371
0.021,0.334,1.166,17.395,-23.926,-3.296
-0.051,0.210,1.222,15.198,-20.691,-9.216
-0.087,0.121,1.214,11.597,-16.052,-12.451
-0.103,0.047,1.257,-2.869,-15.015,-12.024
-0.085,0.010,1.212,-27.954,-11.902,-15.930
-0.111,0.019,1.169,-41.016,-9.827,-15.808
-0.068,0.054,1.104,-34.973,-8.423,-9.583
-0.041,0.087,1.072,-20.813,-8.545,-2.441
-0.039,0.150,1.033,-9.888,-7.202,0.122
-0.033,0.176,1.005,-7.446,-7.507,-2.502
-0.045,0.158,1.010,-7.263,-8.850,-6.470
-0.052,0.115,1.048,-2.502,-10.315,-7.812
-0.046,0.085,1.075,1.709,-9.644,-7.019
-0.031,0.077,1.086,1.160,-7.324,-7.080
-0.025,0.073,1.086,-3.418,-5.188,-7.141
-0.032,0.059,1.071,-9.644,-2.014,-7.446
-0.050,0.036,1.029,-15.686,2.014,-7.874
-0.052,0.032,0.984,-20.630,5.249,-7.446
-0.046,0.038,0.951,-20.569,5.554,-5.615
-0.041,0.060,0.947,-14.709,3.540,-3.174
-0.030,0.075,0.957,-8.179,1.404,-1.343
-0.024,0.073,0.968,-4.150,-0.061,-0.183
-0.023,0.066,0.976,-2.258,-0.610,1.465
-0.013,0.084,0.965,-3.174,0.061,3.357
-0.005,0.114,0.936,-6.592,1.465,4.700
0.005,0.137,0.911,-7.690,2.136,5.249
0.016,0.147,0.892,-4.028,0.977,5.432

-0.000,-0.018,0.944,-4.150,-2.991,0.427
-0.001,-0.028,0.958,-3.540,-3.601,0.305
0.001,-0.036,0.973,-4.700,-3.906,0.366
0.003,-0.039,0.974,-7.690,-3.235,0.610
0.008,-0.027,0.964,-11.292,-2.014,0.854
0.012,-0.018,0.951,-12.695,-1.648,1.221
0.012,-0.014,0.943,-11.047,-2.075,1.099
0.006,-0.010,0.934,-8.545,-2.869,0.977
0.001,-0.009,0.929,-7.812,-3.479,0.793
-0.007,-0.011,0.934,-6.897,-4.578,0.854
-0.012,-0.021,0.937,-4.700,-5.432,0.916
-0.021,-0.020,0.938,-1.038,-6.897,0.793
-0.030,-0.017,0.924,2.319,-8.240,0.854
-0.018,0.011,0.912,0.977,-9.399,0.183
-0.024,-0.021,0.893,0.916,-12.207,-1.526
-0.006,-0.044,0.896,2.136,-16.052,-2.319
0.011,-0.037,0.887,-2.197,-17.456,-2.258
0.002,-0.033,0.853,-9.277,-18.799,-2.441
-0.024,-0.051,0.886,-11.108,-21.606,-2.136
-0.017,-0.042,0.891,-12.329,-24.841,0.122
-0.046,-0.049,0.908,-6.165,-29.602,-1.282
-0.057,-0.029,0.926,-0.061,-31.555,-4.883
-0.059,-0.004,0.932,-4.333,-32.715,-7.996
-0.080,-0.005,0.947,-16.235,-32.166,-13.123
-0.104,-0.060,0.956,-27.283,-29.114,-18.372
-0.111,-0.104,0.955,-35.400,-26.123,-20.447
-0.131,-0.131,0.970,-39.978,-24.536,-20.935
-0.095,-0.127,0.985,-40.161,-23.804,-23.682
-0.256,-0.215,0.986,-41.748,-21.484,-31.311
-0.219,-0.134,1.026,-41.931,-26.184,-20.325
-0.210,-0.095,1.144,-32.593,-32.043,-16.663
-0.256,-0.074,1.302,-5.371,-42.419,-13.794
-0.328,-0.171,1.571,17.334,-54.871,-7.874
-0.376,-0.170,1.895,29.419,-67.017,1.831
-0.462,-0.138,2.244,49.316,-73.669,8.789
-0.479,-0.070,2.630,83.923,-74.646,15.930
-0.760,-0.157,2.982,122.986,-67.200,23.193
-0.536,-0.092,3.203,152.771,-41.870,41.809
-0.405,-0.008,3.532,164.734,-14.099,61.523
-0.340,-0.081,3.716,156.494,5.798,59.326
-0.277,-0.120,3.843,125.549,35.034,51.575
-0.174,-0.038,3.756,87.585,72.815,45.532
-0.119,0.158,3.486,63.293,114.014,44.617
-0.073,0.359,3.034,39.795,150.574,46.326
-0.109,0.494,2.374,-4.272,184.631,42.969
-0.075,0.664,1.449,-86.121,220.764,33.569
0.024,0.859,0.447,-176.758,241.516,12.695
0.076,0.818,-0.419,-224.243,234.253,-13.367
0.180,0.567,-1.150,-238.708,204.224,-36.316
0.259,0.177,-1.714,-245.056,162.292,-54.565
0.262,-0.302,-1.930,-255.737,114.319,-65.308
0.203,-0.726,-1.825,-264.221,71.533,-66.406
0.119,-1.018,-1.643,-265.381,43.030,-62.378
0.027,-1.211,-1.398,-261.353,20.386,-55.725
-0.050,-1.327,-1.151,-249.207,5.066,-43.884
-0.115,-1.409,-0.984,-210.388,-5.188,-25.452
-0.172,-1.342,-0.780,-118.652,-15.991,-2.014
-0.185,-1.153,-0.569,-5.859,-30.396,23.437
-0.186,-0.895,-0.472,93.506,-43.091,45.715
-0.208,-0.545,-0.469,158.020,-47.241,59.753
-0.184,-0.194,-0.386,180.969,-49.194,64.575
-0.178,0.060,-0.208,198.303,-54.871,59.875
-0.169,0.235,-0.020,221.924,-57.800,50.537
-0.154,0.333,0.211,237.305,-62.744,43.762
-0.113,0.374,0.450,236.633,-65.613,36.194
-0.076,0.347,0.704,215.576,-64.453,27.283
-0.028,0.270,0.907,178.467,-57.495,16.479
0.025,0.183,1.053,140.442,-45.837,5.676
0.025,0.056,1.139,104.797,-32.898,-2.441
0.007,-0.068,1.176,66.772,-19.592,-6.592
0.008,-0.139,1.167,19.958,-8.911,-7.568
0.032,-0.149,1.150,-22.095,-3.113,-4.944
0.051,-0.105,1.133,-43.518,-3.723,1.038
0.086,-0.000,1.123,-48.035,-7.751,7.690
0.151,0.190,1.136,-47.546,-13.367,11.902
0.137,0.269,1.187,-46.326,-21.240,8.362
0.158,0.305,1.259,-42.847,-25.574,2.441
0.259,0.300,1.309,-39.551,-25.452,0.488
0.273,0.193,1.424,-29.602,-21.545,0.183
0.106,0.215,1.298,-34.729,-8.240,-3.662
0.177,0.237,1.220,-45.898,-0.549,5.432
0.191,0.130,1.243,-43.335,-5.127,5.981
0.138,-0.017,1.177,-30.823,-8.972,4.456
0.107,-0.068,1.093,-21.667,-13.916,4.578
0.073,-0.031,1.054,-9.644,-21.912,9.644
0.081,0.041,1.042,1.465,-30.640,14.099
0.105,0.153,1.064,13.123,-39.551,16.052
0.124,0.233,1.093,27.527,-46.387,14.587
0.121,0.223,1.143,39.185,-50.659,10.315
0.106,0.186,1.183,44.922,-48.523,4.822
0.088,0.135,1.176,36.133,-40.405,-1.221
0.047,0.084,1.156,15.991,-31.738,-6.042
0.011,0.046,1.119,-4.211,-25.085,-8.545
-0.024,0.030,1.087,-13.855,-21.606,-8.606
-0.043,0.034,1.087,-8.667,-23.071,-6.836
-0.079,0.026,1.112,5.005,-26.733,-4.944
-0.072,-0.002,1.175,17.639,-31.311,-2.014
-0.056,-0.021,1.249,22.888,-33.752,0.183
-0.042,-0.042,1.287,22.095,-31.189,0.732
-0.017,-0.045,1.302,17.883,-26.123,1.282
-0.005,-0.035,1.295,11.292,-20.325,1.038
0.006,-0.017,1.256,5.127,-13.184,-0.366
-0.011,0.015,1.207,-0.061,-7.629,-2.441
-0.009,0.039,1.134,-3.174,-3.174,-5.432
-0.005,0.045,1.118,-0.671,-1.587,-7.385
-0.012,0.007,1.130,0.854,-4.150,-10.559
-0.017,-0.025,1.136,1.160,-4.456,-12.390
-0.009,-0.044,1.124,2.319,-2.258,-11.719
-0.005,-0.059,1.114,3.113,-0.549,-10.315
-0.003,-0.070,1.083,2.197,1.831,-9.216
-0.000,-0.071,1.021,-2.075,4.333,-8.728
-0.008,-0.068,0.968,-9.033,4.883,-8.850
-0.016,-0.067,0.929,-11.597,3.235,-8.911
-0.023,-0.068,0.911,-8.118,0.122,-8.179
-0.033,-0.081,0.917,-0.305,-4.272,-6.958
-0.035,-0.094,0.921,6.470,-8.667,-5.005
-0.035,-0.088,0.932,8.179,-12.268,-2.441
-0.030,-0.073,0.933,7.568,-14.526,-0.244
-0.020,-0.042,0.940,7.141,-16.418,1.465

0.002,-0.049,0.946,-1.038,-3.723,-1.160
0.000,-0.060,0.951,-0.244,-4.333,-1.404
-0.001,-0.069,0.956,-0.671,-4.395,-1.587
-0.003,-0.073,0.954,-1.404,-3.906,-1.465
-0.003,-0.074,0.946,-2.136,-3.418,-1.221
-0.002,-0.072,0.933,-3.113,-2.869,-1.099
-0.004,-0.063,0.913,-4.089,-2.380,-1.160
-0.010,-0.053,0.894,-4.333,-2.441,-1.038
-0.017,-0.041,0.883,-3.845,-3.418,-0.977
-0.021,-0.036,0.890,-2.014,-5.005,-1.221
-0.026,-0.040,0.922,1.282,-7.202,-1.526
-0.026,-0.057,0.967,5.310,-8.850,-1.892
-0.031,-0.062,0.986,6.958,-9.155,-2.136
-0.037,-0.055,0.996,4.700,-8.118,-2.197
-0.042,-0.069,1.005,2.991,-7.507,-2.136
-0.056,-0.075,1.003,-0.122,-6.409,-2.258
-0.069,-0.065,0.985,-3.845,-5.737,-2.075
-0.073,-0.062,0.985,-3.845,-6.836,-2.441
-0.084,-0.105,1.013,2.075,-9.155,-2.930
-0.085,-0.138,1.048,4.150,-10.498,-2.197
-0.078,-0.150,1.071,0.671,-10.132,-0.916
-0.070,-0.158,1.078,-3.540,-8.728,0.549
-0.061,-0.153,1.068,-6.165,-6.836,2.563
-0.056,-0.125,1.040,-7.324,-5.249,4.456
-0.052,-0.086,1.002,-8.423,-4.211,5.371
-0.045,-0.062,0.968,-9.216,-4.456,5.432
-0.037,-0.056,0.951,-9.094,-5.798,4.761
-0.026,-0.059,0.950,-9.216,-7.141,3.601
-0.016,-0.059,0.953,-10.864,-8.545,2.441
-0.013,-0.074,0.970,-12.573,-9.827,0.732
-0.012,-0.084,0.979,-14.099,-10.986,-1.099
0.011,-0.042,0.982,-20.691,-12.024,-2.991
0.014,0.036,1.026,-26.855,-13.977,-5.371
0.013,0.100,1.108,-25.024,-16.968,-10.376
-0.036,0.187,1.239,-17.212,-20.325,-19.897
-0.153,0.188,1.509,-2.991,-25.513,-32.227
-0.376,-0.019,1.813,18.433,-31.677,-43.945
-0.405,-0.252,2.150,55.847,-38.879,-43.030
-0.393,-0.326,2.736,95.581,-53.650,-33.875
-0.288,-0.473,3.271,138.550,-66.467,-27.710
-0.312,-0.552,3.724,182.922,-54.504,-21.118
-0.248,-0.622,3.863,210.205,-22.644,-12.329
-0.218,-0.575,4.000,220.337,2.197,-2.686
-0.152,-0.484,3.990,226.013,36.255,13.428
-0.135,-0.405,3.662,246.521,85.144,37.231
-0.169,-0.249,3.083,252.319,133.606,63.293
-0.283,-0.231,2.174,234.009,175.476,84.595
-0.299,-0.043,0.965,206.726,200.684,102.417
-0.234,0.209,-0.097,197.266,194.702,109.131
-0.114,0.487,-0.947,222.046,158.386,98.999
0.102,0.708,-1.395,252.686,100.342,72.083
0.312,0.769,-1.237,266.418,35.889,38.025
0.472,0.596,-0.856,255.920,-13.306,8.118
0.578,0.451,-0.550,205.139,-29.419,-9.766
0.567,0.374,-0.531,144.287,-16.785,-16.052
0.444,0.254,-0.718,93.872,4.272,-14.404
0.297,0.134,-1.009,43.762,20.325,-7.751
0.204,0.122,-1.308,-17.578,25.269,-1.160
0.100,0.114,-1.506,-100.342,21.301,1.099
0.015,0.131,-1.487,-214.783,14.099,-2.258
-0.047,0.151,-1.322,-313.721,-0.061,-8.484
-0.123,0.189,-0.981,-373.291,-21.240,-16.418
-0.157,0.171,-0.615,-370.667,-42.175,-21.729
-0.199,0.107,-0.278,-308.411,-57.251,-23.926
-0.236,0.061,0.045,-221.313,-62.134,-23.621
-0.298,0.042,0.320,-140.320,-55.664,-19.409
-0.284,-0.049,0.492,-92.407,-43.701,-15.686
-0.289,-0.148,0.651,-62.622,-37.537,-18.188
-0.319,-0.312,0.769,-42.419,-33.936,-23.926
-0.346,-0.439,0.823,-28.992,-26.062,-19.592
-0.275,-0.437,0.905,-19.897,-20.752,-6.042
-0.193,-0.373,1.021,-13.916,-20.813,2.625
-0.123,-0.313,1.122,-10.315,-21.118,3.174
-0.052,-0.282,1.207,-11.353,-19.348,2.441
0.028,-0.228,1.261,-22.888,-14.099,3.662
0.106,-0.149,1.305,-39.612,-7.568,5.188
0.187,-0.068,1.298,-53.772,-0.122,4.944
0.248,0.004,1.248,-64.148,7.080,2.319
0.281,0.067,1.178,-74.158,11.047,-2.319
0.281,0.076,1.068,-80.627,12.939,-7.874
0.237,0.057,0.978,-84.290,13.123,-13.184
0.124,0.011,0.848,-87.402,11.658,-18.616
0.035,-0.103,0.775,-89.844,6.470,-22.522
-0.012,-0.204,0.803,-86.731,-3.479,-18.433
0.088,-0.191,0.785,-73.914,-15.137,-7.202
0.172,-0.269,0.945,-50.903,-29.968,-5.432
0.073,-0.191,0.998,-42.419,-39.673,-4.028
0.102,-0.120,1.181,-32.349,-58.472,10.681
0.148,-0.166,1.338,-20.630,-53.650,5.432
0.151,-0.166,1.356,-5.066,-38.696,0.977
0.161,-0.235,1.266,1.709,-21.667,-0.122
0.155,-0.244,1.178,-6.348,-9.033,5.127
0.102,-0.180,1.072,-20.996,-4.578,10.376
0.045,-0.078,0.919,-36.133,-1.099,9.521
-0.032,-0.015,0.819,-39.063,-3.723,5.188
-0.060,0.007,0.811,-23.132,-15.442,3.784
-0.067,0.005,0.882,3.418,-32.654,4.272
-0.045,-0.010,1.002,25.574,-46.936,2.930
-0.029,-0.020,1.138,34.119,-55.176,0.366
-0.007,-0.038,1.249,33.569,-56.152,-2.380
-0.015,-0.093,1.332,29.785,-51.575,-5.493
-0.024,-0.179,1.376,26.306,-43.030,-7.874
-0.037,-0.239,1.393,19.348,-34.180,-8.606
-0.039,-0.291,1.382,8.118,-22.461,-7.324
-0.031,-0.291,1.335,-9.888,-10.437,-4.883
-0.010,-0.225,1.240,-28.564,0.061,-1.770
0.010,-0.166,1.137,-35.706,7.080,0.732
0.017,-0.121,1.045,-34.241,10.132,1.587
0.008,-0.072,0.954,-33.813,10.742,0.977
-0.006,-0.013,0.882,-35.645,9.460,-1.343
-0.019,-0.010,0.853,-33.203,5.737,-4.883
-0.051,-0.044,0.848,-20.935,-0.366,-7.385
-0.043,-0.096,0.899,-10.254,-7.751,-7.935
-0.036,-0.140,0.962,-3.845,-14.343,-8.545
-0.046,-0.196,1.015,3.540,-18.127,-9.216
-0.044,-0.254,1.039,8.606,-18.311,-7.935
-0.048,-0.290,1.048,8.911,-17.151,-4.150
-0.042,-0.294,1.035,7.141,-14.465,1.221
-0.041,-0.264,0.980,1.953,-11.108,6.226

-0.078,-0.155,1.036,11.047,-5.310,-2.869
-0.073,-0.135,1.031,12.939,-3.540,-2.075
-0.073,-0.159,1.009,16.174,-1.831,-3.479
-0.080,-0.156,1.005,18.860,-1.709,-1.526
-0.094,-0.172,0.995,16.357,-1.282,0.183
-0.099,-0.167,0.979,7.080,-0.305,2.258
-0.102,-0.165,0.972,-0.488,-1.099,3.479
-0.106,-0.170,0.983,1.099,-3.662,4.700
-0.108,-0.174,0.994,5.371,-5.981,6.226
-0.107,-0.167,1.008,2.747,-7.202,7.751
-0.101,-0.161,1.019,-3.967,-8.118,8.850
-0.100,-0.163,1.019,-7.446,-8.667,9.460
-0.092,-0.149,1.022,-8.484,-9.277,9.583
-0.064,-0.117,1.037,-4.761,-10.559,9.888
-0.055,-0.099,1.057,-1.038,-11.353,9.216
-0.052,-0.130,1.054,-3.723,-10.010,6.470
-0.044,-0.155,1.042,-9.399,-8.728,4.333
-0.051,-0.180,1.018,-13.855,-8.545,3.418
-0.053,-0.187,0.990,-17.822,-9.521,3.174
-0.071,-0.164,0.957,-22.583,-12.390,5.798
-0.012,-0.113,0.945,-24.597,-19.714,6.409
-0.031,-0.120,0.974,-20.264,-28.381,-1.160
-0.021,-0.089,0.952,-17.395,-30.762,-4.700
-0.019,-0.072,0.935,-20.020,-31.982,-7.751
0.004,-0.023,0.938,-23.376,-36.072,-11.902
0.028,0.038,0.931,-26.733,-39.734,-18.311
-0.022,0.025,0.910,-33.813,-41.016,-28.503
-0.128,0.051,0.902,-48.950,-39.856,-38.086
-0.190,0.127,0.944,-62.683,-42.908,-45.898
-0.284,0.082,1.043,-59.998,-55.115,-58.777
-0.370,-0.075,1.243,-46.753,-68.115,-71.228
-0.440,-0.334,1.399,-34.546,-73.303,-77.942
-0.535,-0.568,1.542,-35.034,-73.120,-75.073
-0.598,-0.725,1.593,-51.636,-71.960,-58.960
-0.617,-0.706,1.711,-82.153,-70.923,-32.715
-0.651,-0.570,1.884,-86.853,-75.195,-8.972
-0.693,-0.362,2.140,-49.377,-81.177,9.827
-0.821,-0.341,2.548,21.057,-88.989,27.039
-0.622,-0.126,2.894,102.966,-84.412,48.584
-0.718,-0.289,3.350,174.194,-88.318,52.917
-0.762,-0.519,3.790,240.051,-76.233,63.843
-0.731,-0.621,3.994,270.020,-40.100,83.374
-0.705,-0.504,4.000,264.465,10.315,113.464
-0.666,-0.253,3.832,247.803,66.650,143.372
-0.650,0.102,3.487,220.215,124.512,163.025
-0.656,0.521,2.923,193.237,181.091,170.105
-0.638,0.999,2.052,167.236,230.164,165.405
-0.616,1.428,1.012,106.018,265.442,143.372
-0.482,1.812,-0.387,11.169,289.124,103.638
-0.216,2.073,-1.759,-70.190,286.560,51.758
0.134,1.952,-2.523,-61.768,230.835,5.249
0.426,1.303,-2.343,27.344,128.479,-27.832
0.643,0.686,-1.983,117.371,41.321,-45.898
0.755,0.250,-1.703,114.197,-0.061,-54.504
0.739,-0.004,-1.634,45.898,-0.916,-55.359
0.645,-0.144,-1.825,-26.978,19.775,-50.415
0.496,-0.343,-2.116,-86.243,35.706,-52.063
0.318,-0.506,-2.203,-138.489,27.222,-55.908
0.162,-0.604,-2.101,-179.199,3.906,-56.335
0.016,-0.610,-1.904,-191.711,-20.020,-51.880
-0.155,-0.535,-1.538,-154.663,-45.166,-42.664
-0.308,-0.454,-1.057,-99.976,-71.167,-37.048
-0.432,-0.377,-0.594,-62.134,-87.646,-38.330
-0.535,-0.303,-0.145,-46.692,-89.844,-38.269
-0.574,-0.238,0.234,-41.077,-84.900,-36.133
-0.591,-0.181,0.610,-34.973,-78.247,-32.227
-0.527,-0.159,0.972,-20.203,-67.383,-26.733
-0.450,-0.198,1.222,-7.446,-51.575,-22.522
-0.405,-0.263,1.365,-2.014,-31.677,-19.287
-0.400,-0.267,1.448,-19.165,-10.071,-17.639
-0.275,-0.280,1.473,-43.457,7.996,-18.738
-0.214,-0.309,1.500,-52.979,18.066,-10.132
-0.141,-0.263,1.475,-52.856,26.184,4.639
-0.041,-0.185,1.438,-48.401,33.508,20.569
-0.021,-0.111,1.359,-47.363,39.673,29.785
0.018,0.040,1.275,-59.143,43.396,32.227
-0.140,0.234,1.229,-80.505,41.321,27.466
0.128,0.157,1.026,-83.618,38.086,14.648
-0.003,0.343,1.176,-36.743,34.058,29.846
0.138,0.245,1.234,23.621,10.437,33.813
-0.008,-0.071,1.399,25.635,-4.761,-0.244
-0.028,-0.260,1.494,1.892,-11.292,-13.306
0.075,-0.322,1.579,-11.475,-12.451,-0.610
0.149,-0.344,1.640,-7.812,-11.658,17.822
0.184,-0.251,1.589,3.357,-2.136,30.396
0.160,-0.105,1.420,-4.944,10.315,31.128
0.124,-0.053,1.243,-22.217,13.733,28.320
0.100,-0.049,1.149,-29.663,6.714,26.001
0.093,-0.010,1.094,-29.724,-2.930,22.644
0.099,0.068,1.044,-28.381,-11.230,18.066
0.102,0.110,1.047,-20.203,-21.362,13.428
0.100,0.090,1.115,-6.775,-31.860,7.996
0.094,0.048,1.176,0.488,-37.354,2.258
0.097,0.022,1.200,-3.967,-36.865,-3.235
0.052,-0.040,1.217,-12.634,-34.912,-9.460
-0.003,-0.055,1.198,-27.039,-30.884,-12.878
-0.029,-0.045,1.216,-48.035,-28.992,-15.747
-0.095,-0.122,1.243,-54.932,-28.198,-18.433
-0.133,-0.263,1.234,-45.898,-29.419,-16.663
-0.147,-0.336,1.266,-36.499,-31.982,-9.888
-0.124,-0.312,1.260,-35.156,-30.701,-1.038
-0.085,-0.218,1.226,-31.372,-28.076,8.667
-0.031,-0.105,1.198,-19.348,-27.588,14.832
-0.015,-0.035,1.150,-6.042,-26.184,15.381
-0.008,0.003,1.096,0.183,-22.766,13.062
-0.019,0.045,1.045,-3.418,-18.921,9.460
-0.035,0.068,1.000,-12.573,-15.625,4.517
-0.052,0.047,0.978,-17.517,-14.282,-0.916
-0.054,0.007,0.991,-14.526,-15.564,-5.371
-0.072,-0.038,1.021,-6.958,-17.822,-8.606
-0.057,-0.071,1.061,2.258,-18.860,-8.667
-0.056,-0.105,1.114,7.996,-19.104,-7.874
-0.030,-0.100,1.145,8.301,-15.991,-7.263
-0.026,-0.067,1.145,2.563,-10.986,-6.958
-0.036,-0.045,1.116,-4.028,-4.395,-7.996
-0.048,-0.032,1.088,-9.583,1.343,-10.315
-0.061,-0.047,1.033,-12.695,6.104,-12.451
-0.074,-0.045,1.007,-14.160,7.080,-12.756
-0.080,-0.060,0.985,-11.292,5.554,-12.085

-0.036,-0.123,1.040,4.944,-3.174,3.174
-0.036,-0.113,1.047,7.141,-0.854,4.333
-0.027,-0.092,1.044,5.188,2.075,5.066
-0.033,-0.087,1.030,4.822,4.089,4.517
-0.047,-0.109,1.022,7.019,5.249,3.906
-0.038,-0.078,1.021,7.568,6.042,4.395
-0.044,-0.036,1.039,6.592,5.737,3.967
-0.044,-0.037,1.080,3.723,5.493,1.343
-0.042,-0.057,1.138,-0.488,5.249,-2.991
-0.065,-0.116,1.207,-1.526,3.906,-7.629
-0.125,-0.256,1.305,-1.038,2.441,-11.597
-0.138,-0.389,1.462,4.883,0.000,-11.475
-0.193,-0.490,1.558,25.513,-6.592,-7.141
-0.193,-0.559,1.869,46.082,-16.235,-2.930
-0.225,-0.665,2.120,82.581,-20.447,1.953
-0.188,-0.655,2.318,104.370,-13.794,12.451
-0.157,-0.595,2.471,104.004,-1.587,20.081
-0.109,-0.495,2.530,91.003,19.592,24.719
-0.063,-0.421,2.484,64.697,43.335,26.367
-0.041,-0.352,2.349,30.884,67.627,26.184
0.011,-0.293,2.165,1.648,85.388,23.315
0.049,-0.268,2.009,-16.663,94.849,14.465
0.074,-0.232,1.891,-26.794,98.572,3.418
0.072,-0.298,1.802,-17.517,97.778,-5.737
-0.016,-0.496,1.679,-13.794,97.839,-10.681
-0.122,-0.675,1.495,-38.269,100.708,-7.812
-0.225,-0.811,1.299,-64.636,96.069,2.686
-0.280,-0.792,1.165,-68.848,76.599,21.667
-0.387,-0.625,1.141,-26.733,46.082,45.898
-0.095,-0.141,1.156,75.134,12.329,76.111
0.067,0.298,1.415,177.551,-25.879,95.947
0.167,0.738,1.581,221.802,-38.147,93.445
0.351,1.123,1.629,194.885,-19.348,79.590
0.474,1.232,1.467,118.408,13.306,60.181
0.444,1.117,0.958,6.714,57.617,41.199
0.460,0.856,0.036,-99.976,102.966,24.353
0.389,0.613,-1.033,-146.118,124.939,14.587
0.434,0.555,-2.012,-138.123,116.516,14.099
0.562,0.584,-2.773,-72.510,78.064,17.395
0.669,0.558,-2.939,32.288,10.254,17.395
0.742,0.491,-2.734,112.061,-53.040,7.019
0.722,0.381,-2.498,122.437,-85.999,-13.062
0.662,0.265,-2.296,83.801,-91.736,-33.020
0.463,0.176,-2.274,55.969,-80.139,-45.654
0.209,0.097,-2.231,26.611,-71.106,-59.265
-0.075,-0.003,-2.015,-5.798,-78.064,-73.425
-0.363,-0.211,-1.620,-10.315,-89.600,-78.552
-0.557,-0.393,-1.083,-14.709,-102.966,-77.026
-0.739,-0.503,-0.547,-27.039,-115.662,-73.242
-0.843,-0.501,0.038,-35.095,-123.474,-65.186
-0.868,-0.462,0.589,-34.668,-124.390,-51.941
-0.851,-0.420,1.150,-12.329,-127.075,-38.025
-0.805,-0.461,1.642,13.184,-122.925,-28.748
-0.716,-0.505,2.032,17.700,-105.774,-21.057
-0.687,-0.541,2.302,-2.380,-81.360,-13.184
-0.486,-0.473,2.465,-48.523,-50.232,-6.104
-0.269,-0.430,2.523,-92.102,-20.020,-10.193
-0.202,-0.435,2.531,-105.164,-4.272,-10.193
-0.053,-0.405,2.496,-104.980,14.221,-4.211
0.194,-0.334,2.262,-110.474,30.701,7.751
0.193,-0.266,2.380,-118.713,37.842,12.756
0.329,0.243,1.709,-104.980,79.285,31.311
0.195,0.454,1.630,-112.854,59.509,34.851
0.267,0.234,1.306,-142.151,58.533,-10.620
0.150,0.026,1.166,-158.325,45.349,-41.382
0.055,0.051,1.076,-135.254,25.024,-32.959
0.130,0.030,1.082,-90.942,11.658,-18.616
0.131,0.034,1.218,-33.752,-10.742,-7.385
0.136,-0.007,1.340,3.723,-27.954,-3.296
0.178,-0.024,1.385,8.728,-34.546,-4.639
0.064,-0.067,1.423,3.052,-35.461,-4.395
0.068,-0.028,1.369,2.502,-29.846,2.441
0.100,0.079,1.302,4.333,-18.372,8.972
0.127,0.137,1.241,9.949,-8.423,10.803
0.132,0.150,1.199,14.648,-0.671,10.315
0.120,0.155,1.082,8.606,11.108,7.812
0.087,0.155,0.954,-2.014,20.813,4.578
0.026,0.117,0.812,-12.939,24.597,-1.038
-0.031,0.049,0.753,-18.677,20.386,-5.920
-0.084,-0.030,0.745,-16.968,10.742,-7.507
-0.095,-0.086,0.798,-11.108,-1.648,-4.761
-0.084,-0.136,0.905,0.671,-13.123,-0.793
-0.067,-0.162,1.011,19.165,-20.813,2.014
-0.032,-0.155,1.102,36.743,-24.963,5.676
-0.005,-0.149,1.164,47.180,-23.560,8.911
0.016,-0.136,1.187,45.715,-16.602,11.414
0.029,-0.102,1.173,34.058,-6.653,12.573
0.032,-0.043,1.096,17.334,4.272,12.512
0.031,0.007,1.037,6.470,11.230,10.681
0.024,0.026,1.000,5.554,13.672,6.897
0.019,0.019,0.987,6.287,13.916,2.441
0.034,0.008,1.002,3.662,13.550,-1.770
0.031,-0.044,1.023,2.441,13.306,-5.920
0.026,-0.115,1.039,1.831,13.794,-7.263
0.011,-0.182,1.039,-5.371,14.526,-7.263
0.005,-0.219,1.010,-13.184,16.296,-6.226
-0.008,-0.258,0.990,-16.418,15.381,-5.066
-0.004,-0.232,0.978,-14.038,12.451,-0.610
0.024,-0.197,0.993,-5.371,4.333,4.395
0.032,-0.180,1.025,6.348,-3.296,7.324
0.025,-0.187,1.028,12.695,-7.935,10.498
0.116,-0.051,1.069,14.526,-11.963,18.799
0.096,-0.035,1.065,14.893,-10.925,11.719
0.103,-0.001,1.053,12.024,-9.094,10.376
0.113,0.032,1.045,7.324,-7.080,8.545
0.116,0.067,1.039,2.258,-6.104,6.348
0.118,0.088,1.046,-3.174,-5.432,2.441
0.118,0.078,1.053,-5.005,-5.127,-2.258
0.093,0.028,1.065,-2.502,-5.615,-6.470
0.083,-0.022,1.071,-0.488,-5.920,-7.874
0.067,-0.058,1.089,0.122,-6.042,-7.568
0.064,-0.079,1.087,1.282,-5.432,-5.981
0.062,-0.093,1.076,2.014,-5.188,-4.395
0.058,-0.100,1.057,4.028,-4.639,-2.563
0.053,-0.105,1.029,5.920,-4.211,-0.732
0.049,-0.089,0.996,5.310,-4.150,1.099
0.045,-0.069,0.963,4.456,-4.395,2.625
0.042,-0.058,0.943,5.127,-5.493,3.723
0.040,-0.046,0.922,4.333,-6.897,4.272

0.011,-0.082,0.950,0.000,-1.892,3.174
0.009,-0.093,0.959,-0.793,-2.747,2.441
0.010,-0.111,0.977,-1.099,-3.601,1.770
0.021,-0.122,0.999,-0.244,-4.272,1.709
0.025,-0.126,1.017,1.831,-3.845,1.770
0.026,-0.126,1.014,1.465,-2.747,1.831
0.022,-0.119,1.001,-0.671,-1.038,1.953
0.026,-0.113,0.985,-1.587,0.244,1.953
0.023,-0.116,0.965,-0.793,0.916,1.709
0.021,-0.116,0.946,-0.854,1.038,1.648
0.021,-0.111,0.926,-1.404,0.977,1.770
0.026,-0.104,0.915,-0.671,-0.244,2.136
0.034,-0.096,0.909,0.488,-1.587,2.441
0.040,-0.088,0.904,0.061,-2.625,2.258
0.040,-0.090,0.898,-1.404,-3.174,1.953
0.041,-0.081,0.879,-3.662,-3.418,1.648
0.039,-0.069,0.861,-5.554,-3.479,1.343
0.039,-0.067,0.837,-5.920,-4.578,0.671
0.036,-0.072,0.808,-7.019,-5.432,-0.305
0.028,-0.074,0.776,-9.644,-6.531,-0.977
0.017,-0.075,0.747,-13.062,-8.118,-1.587
0.004,-0.080,0.724,-16.479,-10.254,-2.197
-0.011,-0.086,0.696,-19.287,-13.733,-2.747
-0.018,-0.085,0.673,-21.606,-18.311,-3.113
-0.031,-0.094,0.652,-23.010,-23.804,-3.479
-0.055,-0.101,0.620,-25.574,-29.297,-4.028
-0.093,-0.055,0.595,-31.799,-34.485,-4.578
-0.095,-0.010,0.591,-38.757,-40.466,-5.493
-0.110,0.049,0.602,-40.894,-48.645,-8.179
-0.118,0.078,0.707,-41.992,-58.228,-12.939
-0.124,0.059,0.810,-43.640,-64.636,-20.325
-0.145,0.025,0.918,-45.288,-67.627,-29.419
-0.167,-0.051,1.023,-44.434,-69.763,-37.537
-0.228,-0.145,1.139,-50.781,-70.374,-43.518
-0.323,-0.209,1.325,-67.688,-70.190,-46.875
-0.416,-0.291,1.529,-76.965,-71.167,-47.363
-0.496,-0.398,1.842,-62.256,-76.111,-42.786
-0.589,-0.504,2.203,-28.564,-83.191,-34.424
-0.635,-0.591,2.691,18.799,-88.074,-22.888
-0.658,-0.631,3.072,51.636,-80.322,-10.864
-0.595,-0.540,3.408,75.500,-56.824,2.502
-0.505,-0.360,3.611,115.662,-21.118,18.555
-0.573,-0.525,3.868,155.701,-5.249,20.813
-0.603,-0.641,3.985,155.701,22.949,26.917
-0.594,-0.639,4.000,107.788,63.171,37.048
-0.551,-0.500,3.940,61.646,102.478,54.321
-0.465,-0.320,3.816,50.781,131.165,73.853
-0.385,-0.083,3.638,69.214,160.339,90.576
-0.324,0.151,3.388,91.736,193.542,104.065
-0.322,0.530,2.980,86.487,230.713,113.037
-0.369,0.926,2.193,58.228,269.287,113.586
-0.482,1.202,1.097,32.349,301.270,103.394
-0.571,1.354,-0.233,-3.845,316.650,79.102
-0.477,1.393,-1.740,-78.186,307.861,43.823
-0.225,1.235,-2.860,-140.564,248.230,1.831
0.077,0.854,-3.208,-102.844,135.010,-33.264
0.313,0.509,-3.018,19.653,21.484,-47.729
0.503,0.221,-2.690,127.136,-50.415,-46.509
0.495,-0.028,-2.466,147.156,-67.871,-44.495
0.346,-0.082,-2.486,117.065,-38.452,-38.452
0.291,-0.104,-2.825,75.867,-1.282,-37.781
0.100,-0.240,-2.901,57.739,-2.625,-47.852
-0.102,-0.342,-2.660,56.763,-27.527,-54.138
-0.258,-0.311,-2.112,66.528,-59.875,-46.509
-0.256,-0.168,-1.606,99.243,-76.599,-29.846
-0.377,-0.039,-1.048,114.136,-90.454,-27.100
-0.468,-0.008,-0.379,101.624,-110.229,-33.020
-0.440,0.043,0.191,70.129,-108.276,-31.738
-0.353,0.034,0.677,47.546,-93.201,-26.917
-0.301,-0.023,1.079,40.588,-77.881,-20.142
-0.244,-0.169,1.391,18.738,-57.922,-14.893
-0.190,-0.182,1.589,-30.701,-31.982,-12.878
-0.096,-0.292,1.673,-91.736,-2.563,-20.325
-0.054,-0.386,1.694,-122.192,18.127,-21.118
-0.010,-0.506,1.655,-135.437,30.640,-14.648
0.029,-0.599,1.596,-143.555,36.194,1.099
0.085,-0.560,1.549,-172.424,41.443,19.104
0.130,-0.403,1.506,-207.092,45.471,31.189
0.173,-0.247,1.446,-223.694,46.387,32.837
-0.026,-0.102,1.465,-205.383,39.673,28.625
0.487,-0.280,1.361,-138.489,28.137,24.414
0.234,0.043,1.440,-55.969,29.785,47.485
0.447,0.011,1.357,-32.959,8.118,45.593
0.415,-0.027,1.468,-54.688,-15.747,18.799
0.407,-0.108,1.468,-63.782,-38.391,-0.732
0.418,-0.107,1.501,-30.518,-46.997,2.686
0.461,-0.061,1.445,15.442,-35.645,18.005
0.425,0.016,1.363,35.156,-20.935,26.550
0.324,0.087,1.179,15.381,-10.742,21.118
0.197,0.122,1.028,-13.672,-11.414,10.742
0.130,0.094,1.028,-18.188,-26.184,4.578
0.109,0.039,1.146,2.808,-46.143,2.502
0.112,0.004,1.283,27.161,-61.707,0.183
0.115,-0.051,1.390,38.635,-68.848,-1.770
0.115,-0.059,1.455,30.029,-65.552,-1.770
0.135,-0.035,1.443,3.723,-54.443,-2.502
0.136,-0.002,1.396,-21.912,-41.626,-3.784
0.130,0.029,1.379,-30.518,-31.616,-5.554
0.129,0.034,1.331,-20.691,-22.766,-6.958
0.105,0.020,1.292,-8.545,-17.273,-5.615
0.073,-0.034,1.231,-3.174,-12.756,-5.737
0.051,-0.068,1.168,-2.747,-8.545,-5.005
0.055,-0.056,1.126,-5.005,-6.836,-1.953
0.077,-0.033,1.080,-7.019,-5.493,0.244
0.096,-0.021,1.045,-2.258,-5.310,0.793
0.100,-0.023,1.005,3.052,-5.676,0.183
0.078,-0.038,0.959,1.953,-5.737,-0.977
0.052,-0.077,0.919,-2.258,-5.920,-1.709
0.032,-0.110,0.898,-8.179,-7.202,-1.526
0.030,-0.109,0.885,-14.221,-9.949,-0.977
0.044,-0.090,0.902,-10.681,-14.343,-0.488
0.068,-0.085,0.922,1.282,-19.592,-0.366
0.059,-0.097,0.971,10.071,-23.071,-2.075
0.094,-0.081,0.983,11.353,-22.156,-1.282
0.101,-0.054,1.010,6.348,-20.813,1.038
0.118,-0.040,1.000,1.282,-16.968,2.075
0.122,-0.026,0.971,-2.441,-12.268,2.197
0.104,-0.022,0.923,-6.958,-9.766,1.587
0.083,-0.022,0.865,-12.634,-8.423,0.244

-0.018,-0.167,0.860,-14.648,1.221,-5.554
-0.017,-0.166,0.855,-13.611,-0.671,-4.333
-0.011,-0.167,0.850,-10.620,-3.235,-3.113
-0.022,-0.171,0.864,-5.676,-6.348,-2.014
-0.010,-0.155,0.890,-1.526,-9.277,-0.854
-0.008,-0.138,0.914,1.709,-11.841,0.427
-0.007,-0.121,0.934,2.563,-13.489,1.099
-0.009,-0.108,0.950,2.380,-14.099,1.526
-0.019,-0.107,0.971,-2.197,-14.404,1.953
-0.008,-0.095,0.998,-5.554,-15.198,2.625
-0.001,-0.078,1.023,-5.188,-15.076,3.113
-0.001,-0.077,1.046,-4.333,-14.160,2.686
-0.008,-0.092,1.058,-4.578,-12.207,1.709
-0.030,-0.111,1.053,-6.226,-9.094,0.610
-0.029,-0.116,1.045,-7.568,-6.531,0.793
-0.019,-0.119,1.045,-3.052,-5.188,1.831
-0.032,-0.128,1.021,1.465,-3.784,2.808
-0.014,-0.089,1.035,2.197,-3.357,3.784
0.026,-0.045,1.050,7.019,-3.357,4.395
0.021,-0.025,1.042,9.399,-2.136,2.136
0.011,-0.049,1.034,6.287,-0.916,-1.526
-0.005,-0.100,1.041,0.916,-0.854,-4.761
-0.014,-0.143,1.036,1.587,-1.343,-6.470
-0.009,-0.152,1.052,5.615,-2.563,-6.592
0.005,-0.163,1.048,6.592,-3.296,-5.615
0.009,-0.174,1.030,3.174,-3.174,-5.493
0.021,-0.159,1.005,0.671,-3.845,-5.127
0.006,-0.220,0.958,-4.822,-5.920,-2.563
0.023,-0.196,0.940,-6.409,-12.024,0.854
-0.004,-0.210,0.869,4.761,-16.724,-0.061
-0.031,-0.185,0.853,8.179,-26.306,1.831
-0.035,-0.163,0.836,-1.831,-36.560,0.000
-0.062,-0.208,0.889,-11.108,-42.664,-5.371
-0.087,-0.246,0.990,-13.306,-50.354,-10.925
-0.113,-0.324,1.201,-12.878,-58.350,-15.198
-0.132,-0.416,1.507,-1.953,-66.284,-14.282
-0.169,-0.529,1.872,12.878,-71.838,-9.583
-0.202,-0.633,2.267,31.799,-72.327,-2.869
-0.248,-0.781,2.699,66.772,-67.993,4.395
-0.317,-1.010,3.076,111.206,-51.880,14.526
-0.388,-1.160,3.276,140.808,-19.531,33.142
-0.422,-1.133,3.412,135.071,21.240,59.998
-0.446,-1.047,3.365,92.957,68.176,90.393
-0.433,-0.654,3.231,38.391,119.995,118.530
-0.469,-0.408,2.913,7.385,173.218,115.479
-0.479,-0.203,2.492,7.935,216.064,111.572
-0.473,-0.025,1.978,29.724,245.056,108.337
-0.447,0.097,1.467,50.598,261.658,105.530
-0.377,0.132,0.932,65.186,267.639,97.412
-0.308,0.125,0.197,85.022,262.939,90.149
-0.129,0.193,-0.349,106.934,233.521,91.125
0.052,0.381,-0.699,116.272,179.626,91.370
0.298,0.703,-0.768,113.342,113.403,82.764
0.513,1.010,-0.589,90.454,51.880,59.937
0.633,1.154,-0.320,40.710,13.672,31.555
0.655,1.088,-0.328,-21.729,4.150,5.859
0.568,0.914,-0.915,-102.356,15.015,-18.677
0.443,0.599,-1.547,-146.118,15.869,-36.743
0.326,0.330,-1.961,-139.526,-3.967,-40.222
0.268,0.062,-2.127,-123.779,-39.246,-36.682
0.257,-0.071,-1.869,-98.450,-85.938,-33.203
0.251,-0.064,-1.429,-54.749,-127.686,-28.503
0.193,-0.067,-1.039,-3.723,-155.823,-28.076
0.088,-0.062,-0.702,22.949,-168.335,-31.860
-0.027,-0.005,-0.451,24.109,-161.743,-35.461
-0.129,0.059,-0.260,15.869,-142.334,-39.795
-0.220,-0.037,-0.085,21.240,-122.559,-45.959
-0.343,-0.199,0.040,20.874,-106.995,-50.903
-0.439,-0.303,0.145,-13.184,-93.323,-51.697
-0.493,-0.360,0.255,-62.561,-79.773,-47.241
-0.476,-0.348,0.404,-106.689,-69.397,-39.490
-0.426,-0.343,0.562,-129.150,-65.735,-31.250
-0.395,-0.363,0.759,-127.197,-67.749,-21.606
-0.368,-0.385,0.984,-116.150,-70.923,-12.085
-0.303,-0.364,1.206,-102.356,-71.289,-1.404
-0.241,-0.302,1.417,-91.003,-71.899,11.902
-0.083,-0.272,1.615,-82.031,-71.594,22.705
0.045,0.025,1.800,-49.500,-64.697,36.987
-0.045,0.150,1.878,-6.104,-56.458,41.077
0.129,0.150,1.709,21.606,-38.818,33.569
0.046,0.243,1.755,23.682,-25.879,33.447
0.021,0.119,1.641,3.723,-20.996,15.503
-0.015,-0.050,1.589,-7.507,-19.409,-3.723
-0.002,-0.168,1.584,-8.728,-23.499,-5.737
0.025,-0.172,1.546,-2.075,-24.353,-0.122
0.032,-0.211,1.492,5.737,-21.790,1.892
0.021,-0.298,1.434,4.639,-21.057,0.122
0.014,-0.353,1.385,-0.366,-23.743,2.625
0.002,-0.353,1.352,0.305,-29.297,8.240
-0.001,-0.277,1.363,5.493,-33.081,15.442
0.023,-0.169,1.354,11.841,-33.386,19.226
0.046,-0.095,1.345,20.081,-32.654,18.738
0.041,-0.049,1.372,24.963,-31.433,15.198
0.037,-0.014,1.334,21.484,-25.085,11.536
0.014,-0.011,1.283,6.836,-18.188,8.179
-0.007,-0.041,1.222,-10.620,-11.169,4.822
-0.039,-0.093,1.162,-23.193,-6.104,2.502
-0.068,-0.133,1.119,-28.198,-4.395,1.099
-0.090,-0.172,1.095,-28.076,-4.639,1.160
-0.121,-0.215,1.077,-25.085,-5.493,2.441
-0.131,-0.194,1.083,-22.705,-6.897,5.798
-0.116,-0.161,1.094,-15.686,-9.583,7.446
-0.105,-0.143,1.114,-4.272,-12.146,7.446
-0.094,-0.166,1.137,5.615,-13.733,7.507
-0.075,-0.179,1.138,9.766,-11.536,8.850
-0.051,-0.146,1.112,4.639,-6.592,10.376
-0.037,-0.104,1.063,-3.296,-0.916,10.681
-0.026,-0.080,1.018,-8.545,3.418,9.155
-0.012,-0.076,0.980,-13.306,6.531,6.409
-0.006,-0.031,0.920,-23.193,9.216,3.296
-0.007,-0.001,0.862,-29.480,10.437,-0.916
-0.023,-0.023,0.856,-20.691,8.911,-5.615
-0.031,-0.094,0.860,-3.845,6.165,-6.775
-0.000,-0.102,0.891,0.977,5.493,-3.052
0.029,-0.077,0.928,-1.343,5.615,-0.671
0.038,-0.078,0.940,0.122,6.836,-1.587
0.040,-0.106,0.946,2.808,9.766,-2.747
0.039,-0.120,0.937,0.122,12.451,-3.418
0.028,-0.130,0.918,-3.540,14.160,-3.784

0.013,-0.135,0.929,-1.404,-2.991,-1.099
0.011,-0.149,0.945,0.061,-3.906,-1.404
0.016,-0.158,0.960,1.099,-4.333,-1.221
0.021,-0.167,0.975,2.380,-4.639,-0.977
0.024,-0.168,0.976,2.563,-4.089,-0.732
0.027,-0.165,0.969,0.732,-3.052,-0.183
0.031,-0.153,0.953,-2.197,-2.075,0.366
0.034,-0.141,0.940,-3.662,-1.831,0.610
0.041,-0.132,0.926,-3.357,-2.014,0.366
0.042,-0.128,0.912,-3.418,-2.014,-0.244
0.041,-0.127,0.900,-4.211,-2.380,-0.916
0.038,-0.123,0.891,-5.188,-2.869,-1.648
0.031,-0.126,0.885,-5.249,-3.357,-2.502
0.022,-0.141,0.882,-4.211,-4.395,-2.930
0.014,-0.151,0.877,-4.761,-5.066,-3.235
0.006,-0.151,0.870,-6.958,-5.310,-3.113
0.001,-0.152,0.868,-7.996,-6.165,-2.686
0.008,-0.150,0.875,-7.935,-7.019,-2.319
0.011,-0.158,0.896,-6.775,-8.057,-2.136
0.016,-0.165,0.915,-4.639,-8.972,-1.953
0.014,-0.170,0.929,-3.357,-8.789,-1.709
0.008,-0.170,0.938,-4.578,-7.996,-1.221
-0.011,-0.157,0.921,-7.751,-6.287,-0.854
-0.038,-0.113,0.903,-10.376,-5.615,-0.366
-0.067,-0.094,0.916,-8.606,-7.202,-0.732
-0.089,-0.102,0.970,-3.235,-11.047,-2.197
-0.131,-0.118,1.042,2.747,-14.832,-4.639
-0.167,-0.166,1.158,10.071,-18.372,-6.836
-0.162,-0.242,1.333,25.085,-21.301,-7.935
-0.173,-0.338,1.453,46.265,-20.630,-8.484
-0.210,-0.380,1.537,52.673,-15.381,-6.714
-0.191,-0.339,1.647,44.434,-8.484,-3.113
-0.160,-0.357,1.702,44.556,-2.197,-1.648
-0.161,-0.351,1.770,42.908,3.723,-3.174
-0.093,-0.367,1.827,40.405,7.019,-6.409
-0.147,-0.552,1.906,43.335,4.272,-15.320
-0.111,-0.684,2.116,37.170,-6.531,-17.090
-0.035,-0.782,2.365,25.024,-14.709,-20.691
-0.017,-0.943,2.589,15.015,-15.259,-30.273
-0.034,-1.140,2.847,7.935,-9.766,-38.208
-0.078,-1.233,3.020,0.366,8.118,-43.335
-0.107,-1.293,3.092,-1.343,36.499,-35.095
-0.123,-1.069,2.981,39.734,57.922,-8.362
-0.225,-0.887,2.829,90.881,70.984,12.817
-0.214,-0.509,2.466,115.234,94.604,41.504
-0.158,-0.038,2.125,96.558,116.516,67.505
-0.137,0.390,1.751,75.256,137.756,78.186
-0.170,0.794,1.265,51.147,163.513,75.928
-0.198,1.106,0.583,24.475,185.181,67.993
-0.193,1.464,-0.316,-7.690,194.458,63.049
-0.132,1.675,-1.379,-51.025,180.420,55.664
-0.064,1.560,-2.525,-98.572,139.954,44.250
0.085,1.423,-3.253,-142.029,72.510,33.997
0.256,1.270,-3.320,-124.573,-12.634,22.522
0.381,0.972,-2.699,0.000,-89.233,6.714
0.477,0.577,-1.916,125.305,-126.587,-12.207
0.483,0.302,-1.537,128.845,-105.896,-28.992
0.451,0.157,-1.566,41.809,-56.030,-34.546
0.399,-0.004,-1.750,-24.597,-14.038,-31.189
0.271,-0.194,-1.675,-43.396,-16.235,-33.997
0.243,-0.296,-1.365,-28.503,-34.241,-33.020
0.189,-0.386,-0.999,7.874,-43.274,-24.658
0.086,-0.541,-0.585,41.870,-51.392,-15.137
-0.057,-0.608,-0.190,38.513,-63.232,-8.728
-0.159,-0.493,0.158,5.920,-69.214,-3.113
-0.229,-0.338,0.441,-9.583,-73.975,0.732
-0.296,-0.210,0.755,-6.653,-86.670,0.916
-0.334,-0.160,1.077,-5.615,-99.487,-3.357
-0.400,-0.183,1.432,-14.343,-103.394,-13.123
-0.321,-0.294,1.689,-24.597,-103.088,-25.574
-0.490,-0.453,2.050,-12.878,-99.670,-36.377
-0.257,-0.495,1.981,24.109,-60.425,-33.081
-0.184,-0.618,1.970,-4.150,-37.598,-19.653
-0.310,-0.778,2.153,-90.271,-61.584,-27.344
-0.392,-0.641,2.187,-116.333,-69.214,-13.977
-0.329,-0.584,2.292,-100.220,-70.068,-5.127
-0.259,-0.452,2.304,-43.640,-68.359,4.944
-0.183,-0.340,2.353,-0.427,-61.401,10.864
-0.097,-0.342,2.366,2.563,-54.932,5.981
-0.036,-0.310,2.329,-14.587,-42.358,2.380
-0.073,-0.358,2.185,-44.739,-22.461,-0.183
-0.057,-0.333,1.935,-64.209,-1.160,6.348
-0.037,-0.292,1.694,-77.515,13.184,13.123
-0.044,-0.227,1.510,-79.712,17.944,17.944
-0.035,-0.187,1.326,-68.298,18.311,18.799
-0.031,-0.183,1.183,-46.509,14.282,17.700
-0.054,-0.228,1.062,-29.419,7.690,17.517
-0.063,-0.209,0.968,-25.818,2.319,21.301
-0.050,-0.118,0.898,-33.508,-4.211,26.001
-0.029,-0.027,0.860,-41.565,-11.230,27.466
-0.004,0.055,0.879,-40.466,-18.799,25.452
0.036,0.132,0.952,-28.748,-25.208,20.569
0.073,0.129,1.042,-7.385,-29.907,13.184
0.090,0.071,1.131,11.475,-28.687,5.554
0.083,-0.009,1.159,13.489,-19.958,0.122
0.057,-0.052,1.116,1.831,-7.629,-1.587
0.032,-0.037,1.041,-10.376,3.845,-1.160
-0.001,-0.027,0.964,-13.367,11.108,-1.648
-0.040,-0.053,0.916,-9.277,13.184,-4.150
-0.062,-0.115,0.902,-3.845,11.719,-6.592
-0.077,-0.184,0.902,1.465,8.972,-7.935
-0.073,-0.219,0.920,3.967,5.920,-7.690
-0.067,-0.233,0.923,6.958,3.113,-6.714
-0.055,-0.219,0.931,13.977,0.488,-5.188
-0.027,-0.185,0.953,19.043,-1.404,-4.089
-0.008,-0.132,0.978,21.484,-2.014,-4.822
-0.000,-0.089,1.004,26.245,-1.343,-7.385
0.009,-0.127,1.052,32.959,-0.793,-10.498
0.002,-0.181,1.101,34.363,1.892,-12.695
0.003,-0.220,1.128,25.452,8.728,-11.597
0.008,-0.231,1.123,10.864,17.212,-7.263
-0.006,-0.220,1.079,-3.601,24.292,-2.869
-0.011,-0.183,0.993,-14.343,31.006,1.343
-0.008,-0.145,0.922,-17.334,32.166,4.211
-0.001,-0.116,0.866,-12.817,30.029,5.615
0.006,-0.085,0.834,-7.324,26.001,5.981
0.007,-0.059,0.802,-1.160,21.240,5.310
0.007,-0.050,0.789,5.798,15.869,4.333
0.005,-0.052,0.789,10.010,10.681,3.174

0.043,-0.124,0.909,-2.075,-5.554,-1.160
0.041,-0.120,0.904,-2.014,-6.165,-1.038
0.044,-0.123,0.906,-1.831,-6.775,-0.916
0.044,-0.121,0.915,-1.160,-7.690,-0.793
0.040,-0.116,0.916,-1.587,-8.301,-0.549
0.031,-0.112,0.910,-2.869,-8.606,-0.427
0.022,-0.101,0.910,-4.761,-9.338,0.061
0.031,-0.095,0.918,-4.150,-10.559,0.793
0.022,-0.104,0.928,0.916,-12.573,0.977
0.018,-0.106,0.947,5.432,-14.343,1.465
0.018,-0.117,0.950,8.179,-15.503,2.441
0.011,-0.131,0.955,10.132,-16.785,3.601
0.012,-0.134,0.959,10.254,-18.005,5.249
0.009,-0.137,0.956,10.803,-18.799,6.409
0.011,-0.145,0.950,12.207,-19.775,7.690
0.022,-0.137,0.954,12.146,-21.118,8.972
0.030,-0.126,0.949,11.841,-21.667,10.010
0.034,-0.118,0.936,11.841,-21.790,10.620
0.036,-0.101,0.914,10.254,-20.935,10.864
0.028,-0.062,0.880,5.554,-19.653,10.193
-0.001,-0.046,0.855,2.380,-18.738,7.874
-0.030,-0.060,0.839,-0.061,-18.982,4.456
-0.043,-0.107,0.849,-4.639,-19.165,1.099
-0.056,-0.201,0.886,-7.324,-20.752,-1.709
-0.070,-0.272,0.898,-8.789,-21.729,-3.052
-0.048,-0.353,0.921,-13.733,-22.766,-1.892
-0.011,-0.432,0.940,-18.066,-24.170,1.709
0.039,-0.471,0.967,-16.357,-26.978,7.812
0.059,-0.490,0.988,-12.451,-29.480,15.015
-0.026,-0.568,0.918,-13.794,-27.649,21.484
-0.133,-0.591,0.751,-31.799,-23.499,34.912
-0.095,-0.420,0.464,-57.922,-37.903,72.754
-0.111,-0.160,0.437,-87.280,-78.735,100.403
-0.261,-0.014,0.370,-112.000,-102.966,86.243
-0.232,0.083,0.314,-120.239,-125.671,80.261
-0.221,0.184,0.485,-87.280,-160.156,72.327
-0.234,0.266,0.841,-30.579,-193.604,48.828
-0.422,0.255,1.477,23.926,-213.867,10.803
-0.661,-0.105,2.249,91.248,-221.497,-31.921
-0.879,-0.653,2.962,160.767,-205.566,-62.073
-0.908,-1.177,3.672,190.247,-168.091,-65.063
-0.937,-1.595,4.000,179.626,-114.746,-48.706
-1.175,-1.894,4.000,132.507,-39.978,-18.921
-1.268,-1.804,4.000,62.012,42.053,26.428
-1.188,-1.250,3.910,4.578,114.807,80.750
-1.179,-0.821,3.607,-12.024,162.964,119.507
-1.240,-0.486,3.243,7.202,194.214,144.592
-1.169,0.005,2.901,28.687,213.745,167.847
-0.991,0.585,2.551,44.922,229.065,182.983
-0.792,1.098,2.207,77.637,240.051,183.411
-0.608,1.542,1.916,115.601,250.061,171.631
-0.476,1.825,1.586,153.687,264.465,147.583
-0.341,2.122,1.020,158.508,291.687,114.014
-0.344,2.217,0.157,105.713,321.228,58.228
-0.437,2.044,-0.853,32.837,340.881,-1.892
-0.517,1.313,-1.836,-26.184,333.984,-49.194
-0.524,0.550,-2.509,-66.589,290.710,-64.514
-0.409,0.095,-3.080,-99.731,230.957,-53.101
-0.297,-0.045,-3.402,-106.567,154.907,-42.358
-0.194,-0.035,-3.402,-60.608,71.472,-31.921
-0.048,0.010,-3.109,2.441,0.244,-23.926
0.088,0.083,-2.681,46.936,-46.448,-19.897
0.157,0.243,-2.389,47.302,-58.594,-17.578
0.201,0.346,-2.208,16.724,-47.058,-19.470
0.133,0.302,-2.013,-0.732,-39.307,-33.813
-0.004,0.123,-1.756,6.287,-40.222,-52.673
-0.146,-0.138,-1.427,10.010,-46.387,-67.444
-0.229,-0.459,-1.073,-2.319,-58.594,-71.716
-0.297,-0.615,-0.623,-33.203,-79.895,-66.223
-0.337,-0.681,-0.064,-71.655,-108.887,-54.321
-0.323,-0.663,0.509,-83.130,-135.620,-39.856
-0.325,-0.653,1.135,-58.411,-160.095,-31.372
-0.377,-0.612,1.719,-22.400,-178.040,-28.625
-0.227,-0.491,2.218,-10.437,-184.326,-29.724
-0.382,-0.209,2.770,-0.793,-183.472,-34.241
-0.001,-0.291,3.003,42.419,-159.119,-41.199
0.062,-0.221,3.065,88.562,-115.173,-33.508
0.120,-0.452,3.190,43.335,-99.304,-41.382
0.131,-0.578,3.066,-37.354,-78.308,-44.250
0.076,-0.505,2.869,-100.952,-56.641,-35.034
0.183,-0.615,2.585,-102.905,-42.664,-29.541
0.076,-0.429,2.162,-103.638,-10.315,-17.029
0.083,-0.369,1.668,-134.033,22.766,-10.620
-0.042,-0.427,1.423,-141.785,17.273,-10.376
-0.077,-0.488,1.224,-126.465,3.418,-8.972
-0.022,-0.371,1.068,-104.675,-12.451,-3.906
-0.022,-0.193,0.980,-76.477,-32.837,0.427
-0.039,-0.081,0.929,-48.218,-49.683,3.235
-0.063,-0.004,0.949,-27.039,-57.678,7.751
-0.052,0.013,0.981,-18.616,-53.772,8.484
-0.029,-0.005,1.049,-10.376,-47.852,1.526
-0.019,-0.067,1.095,9.155,-42.114,-4.028
-0.035,-0.145,1.110,20.630,-34.424,-7.996
-0.063,-0.204,1.094,13.855,-24.048,-8.484
-0.065,-0.194,1.033,-4.272,-14.099,-5.371
-0.073,-0.159,0.968,-17.639,-8.240,-1.099
-0.086,-0.132,0.932,-17.822,-6.409,2.380
-0.090,-0.140,0.917,-8.911,-7.019,3.296
-0.100,-0.156,0.907,-0.916,-8.911,3.052
-0.114,-0.157,0.915,2.136,-11.719,3.052
-0.105,-0.149,0.934,2.014,-14.526,4.150
-0.086,-0.143,0.991,2.136,-17.883,4.517
-0.069,-0.140,1.060,5.859,-21.057,2.686
-0.055,-0.151,1.125,11.902,-21.301,1.282
-0.043,-0.175,1.179,18.127,-19.653,0.000
-0.044,-0.222,1.200,23.499,-14.893,-1.282
-0.051,-0.262,1.202,22.583,-8.301,-1.526
-0.057,-0.272,1.178,14.648,-0.488,-0.122
-0.053,-0.250,1.147,8.667,7.019,2.136
-0.035,-0.219,1.126,7.385,12.573,3.540
-0.013,-0.190,1.086,6.226,17.151,3.723
-0.016,-0.180,1.042,7.324,20.630,3.357
-0.023,-0.188,1.019,9.094,21.606,3.967
-0.011,-0.198,1.000,10.925,21.423,5.554
-0.024,-0.214,0.972,14.221,22.095,6.470
-0.035,-0.218,0.943,15.137,22.522,7.874
-0.031,-0.195,0.903,13.977,22.339,9.888
-0.028,-0.155,0.872,12.939,21.362,10.742
-0.017,-0.110,0.866,14.526,19.653,10.620

0.012,-0.169,0.980,1.770,-5.005,-1.038
0.010,-0.170,0.981,-0.488,-4.028,-0.732
0.012,-0.167,0.977,-2.014,-2.502,-0.549
0.015,-0.165,0.966,-2.197,-1.465,-0.427
0.012,-0.160,0.946,-1.709,-0.793,-0.244
0.012,-0.157,0.930,-0.793,-1.160,-0.061
0.011,-0.157,0.923,0.671,-1.831,0.122
0.010,-0.162,0.925,1.282,-2.869,0.061
0.013,-0.161,0.930,0.854,-3.784,-0.122
0.018,-0.163,0.942,0.977,-4.456,-0.183
0.018,-0.170,0.950,1.404,-4.700,-0.183
0.023,-0.169,0.946,0.183,-4.211,0.000
0.018,-0.159,0.926,-2.075,-3.296,0.061
0.012,-0.147,0.908,-2.441,-2.930,0.122
0.016,-0.142,0.896,-2.625,-3.357,0.061
0.016,-0.144,0.884,-2.686,-3.906,-0.488
0.003,-0.159,0.874,-3.601,-4.639,-0.916
0.009,-0.154,0.869,-4.578,-5.676,-0.671
0.000,-0.160,0.855,-3.723,-6.592,-0.671
-0.005,-0.161,0.837,-4.822,-7.568,-0.854
-0.008,-0.133,0.802,-8.179,-8.484,-1.343
-0.011,-0.066,0.748,-13.123,-9.705,-2.930
0.003,0.062,0.716,-20.874,-12.512,-6.531
0.056,0.171,0.793,-22.522,-17.395,-13.428
0.066,0.159,0.856,-12.024,-20.874,-24.841
0.040,0.156,0.963,-14.832,-18.677,-36.255
0.049,0.052,1.024,-27.649,-12.939,-46.326
0.002,-0.186,1.029,-39.917,-6.592,-53.101
-0.066,-0.377,1.008,-51.575,-2.625,-53.528
-0.130,-0.495,0.969,-56.335,-2.869,-48.950
-0.177,-0.503,0.929,-51.575,-8.423,-40.771
-0.202,-0.419,0.979,-36.377,-20.630,-32.043
-0.206,-0.315,1.116,-13.306,-35.339,-26.733
-0.204,-0.243,1.295,8.240,-47.119,-25.879
-0.219,-0.238,1.525,22.827,-54.993,-28.503
-0.208,-0.230,1.857,28.198,-57.983,-32.349
-0.168,-0.324,2.154,33.569,-53.345,-36.865
-0.168,-0.518,2.420,41.199,-41.687,-40.955
-0.243,-0.810,2.614,42.419,-24.719,-41.138
-0.431,-1.038,2.734,24.536,-4.700,-31.677
-0.431,-1.159,2.760,-1.343,21.545,-7.385
-0.393,-0.964,2.648,3.235,41.504,25.940
-0.367,-0.780,2.713,29.175,28.015,34.485
-0.253,-0.510,2.824,74.890,12.451,51.880
-0.166,-0.325,2.906,113.647,10.803,63.477
-0.100,-0.100,2.836,129.639,27.466,69.763
-0.073,0.047,2.714,129.822,47.180,69.031
-0.083,0.137,2.467,123.901,73.059,74.402
-0.114,0.135,2.097,110.107,100.281,84.167
-0.174,0.135,1.655,88.867,118.164,96.069
-0.161,0.191,1.254,71.655,124.573,101.318
-0.094,0.317,0.890,71.228,122.681,96.130
-0.077,0.529,0.499,76.111,117.065,83.801
-0.006,0.780,0.170,69.275,106.506,65.613
0.119,0.996,-0.054,60.547,90.454,37.354
0.164,1.045,-0.264,46.326,75.989,7.202
0.173,0.845,-0.537,8.789,71.289,-17.334
0.186,0.558,-0.950,-37.415,77.576,-27.222
0.174,0.304,-1.633,-87.585,93.628,-25.391
0.111,0.147,-2.537,-126.160,108.521,-24.048
0.065,0.027,-3.301,-123.718,102.173,-26.733
0.060,-0.088,-3.568,-56.885,61.890,-30.273
0.132,-0.101,-3.378,16.174,7.141,-31.616
0.235,-0.102,-2.878,56.885,-37.842,-32.349
0.225,-0.105,-2.357,72.144,-64.392,-30.884
0.223,-0.072,-1.992,73.303,-69.336,-26.001
0.113,0.002,-1.595,47.424,-74.646,-35.889
-0.019,0.107,-1.292,16.724,-68.176,-35.645
-0.155,0.130,-0.977,-3.418,-63.110,-33.081
-0.272,0.042,-0.544,-7.568,-72.632,-34.607
-0.350,-0.028,-0.074,-9.888,-86.426,-34.302
-0.445,-0.152,0.390,-29.175,-96.375,-34.241
-0.498,-0.137,0.896,-65.491,-104.919,-24.902
-0.495,-0.232,1.419,-92.346,-112.915,-22.949
-0.512,-0.174,1.890,-108.704,-118.530,-39.246
-0.375,-0.204,2.300,-129.578,-116.455,-56.519
-0.467,0.010,2.883,-85.571,-120.117,-59.326
-0.148,-0.045,3.090,57.190,-110.901,-55.481
-0.121,-0.289,3.054,136.780,-81.482,-62.317
-0.206,-0.822,3.216,44.006,-66.895,-91.431
-0.248,-0.797,3.257,-54.199,-59.570,-65.857
-0.096,-1.031,2.783,-70.007,-55.969,-52.795
-0.162,-0.933,2.796,-40.161,-75.073,-42.114
-0.167,-0.800,2.544,-15.808,-59.875,0.427
-0.246,-0.809,2.266,-40.710,-10.193,18.005
-0.179,-0.612,1.655,-89.233,50.720,43.396
-0.132,-0.445,1.326,-108.337,58.594,43.091
-0.065,-0.150,1.151,-100.647,37.720,44.495
-0.082,-0.039,1.052,-83.618,16.052,33.752
-0.020,0.103,1.055,-51.147,-3.601,23.254
0.039,0.099,1.132,-10.742,-23.010,14.160
0.080,0.070,1.284,20.386,-38.330,9.827
0.094,-0.026,1.377,25.146,-35.828,5.371
0.091,-0.109,1.351,7.385,-20.020,-0.183
0.048,-0.156,1.245,-13.855,-2.808,-3.357
-0.015,-0.193,1.103,-28.625,9.766,-4.456
-0.077,-0.246,0.972,-35.156,16.968,-4.150
-0.131,-0.307,0.850,-40.527,19.836,-1.648
-0.175,-0.322,0.757,-48.340,17.578,3.479
-0.178,-0.302,0.715,-46.265,8.728,9.338
-0.173,-0.283,0.708,-33.630,-4.822,12.146
-0.153,-0.214,0.754,-16.113,-17.822,12.451
-0.096,-0.124,0.830,0.061,-25.513,11.292
-0.046,-0.060,0.909,9.155,-27.405,8.423
-0.032,-0.051,0.962,7.141,-23.865,2.991
-0.017,-0.075,1.021,-2.319,-17.639,-2.258
-0.023,-0.128,1.044,-8.667,-9.399,-6.653
-0.047,-0.192,1.066,-11.780,-2.441,-8.789
-0.070,-0.263,1.077,-13.733,3.601,-8.362
-0.073,-0.283,1.064,-16.357,9.094,-5.432
-0.065,-0.262,1.020,-15.747,13.794,-1.526
-0.059,-0.222,0.967,-11.536,16.602,2.197
-0.051,-0.166,0.905,-8.667,17.700,5.676
-0.043,-0.099,0.850,-9.155,17.212,7.812
-0.028,-0.030,0.808,-11.047,15.625,7.874
-0.011,0.008,0.806,-11.780,11.902,5.859
-0.005,0.014,0.822,-9.155,7.019,2.625
0.010,0.011,0.879,-4.089,2.014,-0.427
0.023,-0.011,0.928,3.418,-1.282,-3.235

0.030,-0.114,0.896,-7.324,-3.845,-0.732
0.025,-0.109,0.872,-7.996,-4.089,-0.610
0.023,-0.102,0.864,-5.310,-5.798,-0.488
0.010,-0.109,0.864,-3.235,-7.263,-0.916
0.002,-0.118,0.887,-1.831,-9.338,-1.099
0.000,-0.121,0.916,-1.404,-10.498,-1.282
0.005,-0.118,0.935,0.305,-11.047,-1.465
-0.008,-0.137,0.953,1.587,-11.414,-2.075
-0.013,-0.156,0.971,2.441,-11.108,-1.160
-0.007,-0.154,0.983,2.563,-9.644,0.305
0.001,-0.134,0.980,2.563,-8.240,1.892
0.004,-0.119,0.963,3.235,-6.897,3.052
0.006,-0.106,0.942,3.662,-6.409,3.479
0.004,-0.093,0.902,3.174,-5.798,3.296
0.002,-0.084,0.863,4.333,-5.615,3.357
0.005,-0.085,0.827,6.348,-5.859,3.357
0.005,-0.086,0.792,7.690,-6.409,3.174
0.002,-0.080,0.766,7.080,-7.568,2.625
0.002,-0.082,0.748,6.592,-9.155,1.953
-0.004,-0.094,0.747,6.775,-11.475,1.160
-0.014,-0.120,0.755,7.141,-13.489,0.549
-0.018,-0.142,0.775,3.662,-14.709,0.488
-0.016,-0.128,0.777,-4.578,-14.465,1.099
0.003,-0.113,0.778,-9.155,-14.587,1.587
0.007,-0.107,0.773,-7.385,-15.381,1.221
0.012,-0.110,0.790,-5.798,-17.395,0.549
0.001,-0.117,0.799,-7.812,-18.616,-0.916
-0.004,-0.099,0.799,-14.160,-19.836,-2.625
-0.003,-0.012,0.837,-22.095,-22.400,-4.944
0.007,0.079,0.913,-28.687,-25.146,-11.230
0.007,0.063,1.032,-25.574,-28.198,-21.545
-0.009,-0.042,1.203,-15.198,-33.020,-32.227
-0.021,-0.205,1.368,-9.460,-33.630,-41.260
-0.032,-0.430,1.519,-5.310,-34.485,-46.326
-0.014,-0.543,1.655,1.709,-38.513,-45.044
-0.006,-0.684,1.865,3.418,-43.457,-42.236
-0.018,-0.709,2.100,5.615,-51.514,-39.612
-0.070,-0.674,2.463,19.226,-60.059,-42.419
-0.116,-0.480,2.932,44.250,-66.650,-50.171
-0.109,-0.398,3.527,81.238,-58.350,-61.951
0.005,-0.062,3.692,112.915,-26.917,-64.392
-0.101,-0.278,4.000,104.797,-21.606,-89.966
-0.220,-0.567,4.000,30.579,13.672,-94.604
-0.335,-0.729,3.859,-72.998,59.875,-79.163
-0.474,-0.938,3.521,-105.652,78.918,-54.077
-0.548,-0.985,3.152,-77.576,78.552,-23.010
-0.549,-0.676,2.784,-36.621,73.975,16.846
-0.427,-0.050,2.490,1.770,72.266,57.617
-0.295,0.662,2.137,28.687,84.839,79.346
-0.182,1.269,1.487,34.973,116.760,75.684
-0.056,1.635,0.634,16.907,159.424,47.119
-0.058,1.613,-0.295,-23.071,203.552,6.409
-0.186,1.141,-1.148,-77.576,230.286,-32.227
-0.353,0.458,-1.906,-102.051,229.614,-62.256
-0.465,-0.227,-2.420,-42.969,202.332,-73.669
-0.478,-0.655,-2.770,70.313,155.762,-61.279
-0.368,-0.677,-3.079,158.752,110.535,-35.828
-0.191,-0.476,-3.288,191.772,68.726,-11.108
-0.013,-0.238,-3.224,186.646,26.978,5.981
0.135,-0.012,-2.960,158.936,-7.996,13.428
0.192,0.130,-2.642,118.774,-28.992,9.338
0.139,0.163,-2.351,71.411,-35.278,-0.732
-0.015,0.047,-2.034,24.170,-38.391,-10.315
-0.210,-0.064,-1.694,-15.076,-44.861,-12.939
-0.343,-0.111,-1.286,-35.950,-57.495,-10.986
-0.434,-0.169,-0.810,-36.499,-75.562,-8.301
-0.553,-0.291,-0.277,-41.748,-95.947,-5.249
-0.654,-0.339,0.266,-62.622,-109.375,1.953
-0.621,-0.355,0.763,-84.412,-112.793,7.080
-0.611,-0.269,1.307,-100.586,-112.366,9.705
-0.505,-0.259,1.695,-114.197,-102.478,7.751
-0.395,-0.234,2.002,-106.934,-87.097,15.076
-0.194,-0.142,2.232,-85.083,-72.693,19.897
-0.190,-0.059,2.463,-21.179,-62.439,28.992
0.080,-0.071,2.418,70.984,-39.612,44.556
0.120,0.153,2.286,68.970,-5.188,60.608
0.199,0.137,2.307,-47.363,4.822,42.603
0.354,0.040,2.051,-120.789,-3.662,10.071
0.164,-0.149,2.006,-93.445,-45.044,-19.470
0.034,-0.161,2.155,-46.082,-70.740,-9.094
0.095,-0.123,1.914,-37.354,-24.719,17.944
0.127,-0.137,1.715,-52.185,11.353,27.893
0.123,-0.172,1.713,-37.292,-1.221,18.188
0.101,-0.201,1.687,-7.385,-7.874,17.334
0.100,-0.227,1.763,2.747,-14.832,19.043
0.156,-0.135,1.795,8.667,-14.771,25.085
0.220,-0.033,1.795,14.465,-12.939,28.625
0.242,0.041,1.745,7.996,-12.207,29.053
0.226,0.063,1.624,-4.822,-8.850,27.588
0.195,0.045,1.520,-14.648,-8.240,25.635
0.162,0.019,1.377,-23.804,-5.798,23.010
0.126,0.013,1.247,-30.701,-4.028,21.301
0.101,-0.017,1.123,-31.555,-2.380,18.005
0.099,0.004,1.018,-28.870,-1.709,15.503
0.112,0.012,0.958,-21.301,-3.052,12.634
0.122,0.033,0.949,-12.207,-6.104,9.705
0.133,0.049,0.971,-2.441,-7.935,7.080
0.152,0.035,1.007,9.094,-7.446,5.554
0.145,-0.018,1.028,15.686,-3.784,5.554
0.125,-0.090,1.017,11.658,1.770,7.629
0.108,-0.092,0.987,0.305,7.507,10.254
0.085,-0.128,0.927,-8.972,11.658,10.437
0.078,-0.104,0.906,-20.935,13.733,8.118
0.075,-0.119,0.851,-35.706,14.465,3.479
0.049,-0.137,0.838,-40.100,12.390,-2.075
0.039,-0.139,0.793,-31.067,11.108,-3.479
0.048,-0.110,0.784,-19.653,10.132,-2.075
0.068,-0.070,0.758,-12.451,7.996,-0.793
0.076,-0.030,0.737,-8.362,4.761,-0.488
0.089,-0.014,0.755,-1.709,-0.061,-1.465
0.096,-0.021,0.833,10.376,-5.615,-2.991
0.102,-0.033,0.905,19.958,-9.033,-4.944
0.096,-0.060,0.964,22.522,-8.972,-6.470
0.078,-0.096,0.992,20.935,-6.470,-7.080
0.055,-0.124,0.986,17.883,-2.686,-6.714
0.042,-0.145,0.965,14.526,1.038,-5.676
0.037,-0.144,0.917,8.484,3.052,-5.005
0.045,-0.125,0.877,2.319,2.747,-3.784
0.045,-0.119,0.871,2.197,-0.610,-2.197

0.042,-0.083,0.910,-0.671,-4.211,-0.366
0.046,-0.081,0.916,0.427,-5.371,-0.122
0.051,-0.080,0.927,0.427,-6.226,0.061
0.054,-0.078,0.927,0.671,-6.226,0.000
0.054,-0.072,0.921,0.427,-6.104,-0.122
0.056,-0.066,0.905,-0.488,-5.981,-0.244
0.053,-0.062,0.897,-0.244,-6.226,-0.671
0.050,-0.068,0.890,-0.977,-6.775,-1.221
0.048,-0.053,0.874,-5.127,-7.202,-1.953
0.045,-0.062,0.876,-7.385,-8.362,-2.747
0.043,-0.086,0.896,-4.211,-10.376,-2.869
0.041,-0.087,0.912,-3.906,-11.353,-2.502
0.039,-0.082,0.900,-7.324,-10.681,-2.563
0.038,-0.078,0.889,-8.789,-10.681,-2.502
0.032,-0.073,0.882,-7.080,-11.108,-2.258
0.033,-0.052,0.864,-6.958,-11.230,-2.258
0.036,-0.041,0.861,-8.545,-11.963,-2.563
0.035,-0.043,0.865,-8.423,-13.794,-3.113
0.030,-0.049,0.886,-5.432,-15.564,-3.845
0.029,-0.054,0.908,-5.127,-16.541,-3.967
0.033,-0.045,0.923,-8.301,-16.174,-4.028
0.041,-0.017,0.924,-9.705,-15.198,-3.845
0.049,0.003,0.930,-7.385,-14.160,-4.517
0.043,0.006,0.923,-4.639,-12.390,-5.554
0.037,0.017,0.900,-6.897,-9.338,-7.141
0.039,0.013,0.855,-14.709,-5.371,-9.338
0.030,0.006,0.812,-25.208,-1.587,-10.864
0.021,0.012,0.733,-33.386,1.038,-11.719
0.021,0.026,0.652,-35.889,0.671,-13.062
0.001,0.014,0.578,-33.936,-3.479,-14.893
-0.029,-0.021,0.546,-32.654,-11.658,-16.113
-0.067,-0.082,0.550,-35.645,-22.827,-15.686
-0.107,-0.137,0.613,-30.640,-37.354,-13.855
-0.147,-0.212,0.750,-11.597,-53.345,-10.803
-0.166,-0.196,0.970,5.737,-67.932,-5.005
-0.165,-0.133,1.222,16.968,-75.989,-2.502
-0.134,-0.121,1.626,33.264,-81.787,-4.333
-0.168,-0.365,2.027,60.669,-87.219,-5.981
-0.255,-0.595,2.499,76.660,-81.665,-5.249
-0.359,-0.982,2.794,78.613,-57.312,-8.728
-0.476,-1.043,2.827,54.993,-21.179,0.183
-0.505,-0.984,2.798,9.216,11.475,17.700
-0.498,-0.860,2.843,-6.165,28.503,37.048
-0.510,-0.987,2.974,18.799,35.583,55.542
-0.329,-0.591,2.951,49.561,50.171,89.905
-0.192,-0.427,3.052,72.144,52.429,94.116
-0.076,-0.271,3.172,92.102,50.171,80.688
0.008,-0.112,3.144,81.543,70.190,68.237
0.045,0.068,2.958,55.725,96.375,57.068
0.049,0.212,2.640,42.297,122.009,45.471
0.048,0.363,2.262,39.185,142.456,37.964
0.073,0.533,1.877,31.555,156.738,32.471
0.114,0.719,1.523,20.447,162.292,24.902
0.159,0.834,1.216,24.292,158.752,13.855
0.131,0.803,0.864,39.063,151.306,-0.671
0.089,0.780,0.428,30.701,144.470,-15.259
0.086,0.807,-0.071,-0.977,136.719,-29.846
0.056,0.740,-0.540,-24.048,121.582,-46.021
0.023,0.554,-1.033,-21.545,103.088,-59.692
0.020,0.388,-1.531,9.705,89.172,-62.256
0.044,0.244,-2.110,49.927,81.787,-51.270
0.022,0.123,-2.728,68.542,72.998,-42.236
0.010,0.068,-3.303,57.617,64.514,-32.349
-0.015,0.041,-3.681,55.603,46.448,-28.015
-0.066,-0.037,-3.774,72.632,14.526,-28.137
-0.093,-0.076,-3.540,56.396,-20.569,-25.757
-0.160,-0.074,-3.105,3.479,-47.729,-20.752
-0.235,-0.049,-2.492,-38.086,-67.139,-15.808
-0.312,-0.036,-1.793,-50.720,-81.360,-11.108
-0.420,-0.086,-1.173,-39.001,-90.393,-7.202
-0.494,-0.078,-0.560,-41.016,-96.191,-1.221
-0.594,-0.149,-0.041,-58.899,-98.755,2.686
-0.680,-0.256,0.512,-60.059,-103.821,0.977
-0.740,-0.293,1.019,-52.673,-109.375,10.742
-0.708,-0.221,1.507,-48.096,-112.305,20.386
-0.543,0.031,1.964,-50.415,-110.779,27.527
-0.340,0.225,2.319,-60.547,-111.267,33.569
-0.122,0.221,3.163,-44.739,-123.596,23.315
0.177,0.369,3.391,69.397,-99.304,6.836
0.148,-0.173,3.345,99.792,-68.237,-5.432
0.120,-0.452,3.173,-22.583,-33.081,-30.212
0.046,-0.594,2.657,-112.671,-36.133,-34.851
-0.151,-0.752,2.918,-80.261,-80.811,-12.695
0.001,-0.383,2.667,-38.513,-44.861,38.574
0.060,-0.548,2.012,-71.045,39.307,42.969
0.118,-0.402,1.852,-70.007,39.612,37.537
0.137,-0.319,1.540,-43.823,33.081,39.673
0.186,-0.201,1.346,-30.212,24.780,36.865
0.265,-0.270,1.215,-27.466,7.996,33.081
0.259,-0.011,1.308,-21.484,-14.893,41.626
0.288,0.047,1.224,-18.677,-30.212,38.086
0.307,0.124,1.258,-17.761,-36.804,30.212
0.312,0.164,1.271,-11.841,-36.194,19.165
0.292,0.094,1.314,-6.836,-33.630,7.629
0.225,0.016,1.347,-14.160,-29.419,-0.793
0.182,-0.053,1.354,-30.701,-20.569,-5.859
0.151,-0.071,1.322,-39.795,-11.353,-8.057
0.123,-0.087,1.234,-37.842,-4.272,-8.240
0.093,-0.080,1.176,-36.316,-2.441,-7.446
0.080,-0.068,1.134,-34.241,-1.160,-7.446
0.068,-0.077,1.084,-35.339,1.038,-8.606
0.060,-0.075,1.042,-46.448,2.319,-9.521
0.056,-0.042,0.972,-54.932,2.563,-10.254
0.061,-0.014,0.902,-51.758,-0.244,-11.536
0.064,-0.000,0.853,-45.959,-4.761,-13.794
0.059,-0.003,0.815,-45.349,-9.521,-15.869
0.050,-0.021,0.814,-47.668,-14.893,-17.334
0.047,-0.027,0.849,-47.607,-19.958,-17.273
0.046,-0.051,0.920,-39.673,-23.743,-16.785
0.042,-0.066,0.978,-30.029,-24.963,-16.418
0.039,-0.069,1.005,-25.085,-23.010,-15.625
0.027,-0.085,1.012,-18.738,-20.142,-13.855
0.013,-0.096,1.003,-10.254,-17.090,-10.864
0.014,-0.082,1.001,-4.700,-14.343,-7.141
0.024,-0.032,0.990,-5.859,-12.024,-3.784
0.028,0.005,0.971,-6.409,-11.047,-2.075
0.033,0.048,0.955,-5.737,-11.292,-1.160
0.047,0.080,0.950,-4.211,-12.024,-0.977
0.047,0.099,0.947,-2.380,-12.329,-1.282